Model,Accuracy,Precision,Recall,F1,Seq_Recon_Acc,Corr_Acc
Model 1 - Transformer,0.719458455003982,0.5176204684767168,0.719458455003982,0.6020738296646057,0.719458455003982,0.7740787936710205
Model 2 - LogBERT,1.0,1.0,1.0,1.0,1.0,1.0
